<?xml version="1.0" encoding="utf-8" standalone="yes"?><rss version="2.0" xmlns:atom="http://www.w3.org/2005/Atom"><channel><title>Nube de Ideas</title><link>https://nubedeideas.net/</link><description>Recent content on Nube de Ideas</description><generator>Hugo -- gohugo.io</generator><language>es</language><atom:link href="https://nubedeideas.net/index.xml" rel="self" type="application/rss+xml"/><item><title>Contact</title><link>https://nubedeideas.net/contact/</link><pubDate>Wed, 29 Mar 2023 19:36:44 -0600</pubDate><guid>https://nubedeideas.net/contact/</guid><description>Contáctanos!
nubedeideas.rp@gmail.com
55 3727 8488</description></item><item><title>¿Qué hacemos?</title><link>https://nubedeideas.net/quehacemos/</link><pubDate>Thu, 26 Jan 2023 11:18:59 -0600</pubDate><guid>https://nubedeideas.net/quehacemos/</guid><description> Estrategias y difusión de imagen Análisis de medios y nuevas tecnologías Conferencias de prensa Cronograma de entrevistas exclusivas (impresos, electrónicos y digitales) Mercadotecnia Lanzamientos de nuevos productos Streaming Asesoría On Demand Catálogo y venta de eventos musicales y teatrales Management Asesoría para nuevos proyectos artísticos o empresariales</description></item><item><title>¿Quiénes somos?</title><link>https://nubedeideas.net/quienessomos/</link><pubDate>Thu, 26 Jan 2023 11:11:53 -0600</pubDate><guid>https://nubedeideas.net/quienessomos/</guid><description>SOMOS TU MEJOR OPCIÓN EN COMUNICACIÓN.
Estamos conformados por un equipo de colaboradores con más de 20 años de experiencia en la creación, administración de información y organización de eventos.
Hemos trabajado en festivales musicales: Vive Latino, Corona Capital, Flow Fest e infinidad de conciertos masivos.
Actualmente somos parte del RP de artistas como Francisco Céspedes, José Luis Rodríguez “El Puma”, María Conchita Alonso, Rosalía León, Haydeé Milanés, Eugenia León y Rosy Arango, entre otros.</description></item></channel></rss>