<?xml version="1.0" encoding="utf-8" standalone="yes"?><rss version="2.0" xmlns:atom="http://www.w3.org/2005/Atom"><channel><title>Artistas on Nube de Ideas</title><link>https://nubedeideas.net/artistas/</link><description>Recent content in Artistas on Nube de Ideas</description><generator>Hugo -- gohugo.io</generator><language>es</language><lastBuildDate>Tue, 14 Feb 2023 11:43:52 -0600</lastBuildDate><atom:link href="https://nubedeideas.net/artistas/index.xml" rel="self" type="application/rss+xml"/><item><title>Francisco Céspedes</title><link>https://nubedeideas.net/artistas/franciscocespedes/</link><pubDate>Tue, 14 Feb 2023 11:43:52 -0600</pubDate><guid>https://nubedeideas.net/artistas/franciscocespedes/</guid><description/></item></channel></rss>