<?xml version="1.0" encoding="utf-8" standalone="yes"?><rss version="2.0" xmlns:atom="http://www.w3.org/2005/Atom"><channel><title>Nube de Ideas</title><link>https://example.com/</link><description>Recent content on Nube de Ideas</description><generator>Hugo -- gohugo.io</generator><language>es</language><lastBuildDate>Tue, 14 Feb 2023 11:43:52 -0600</lastBuildDate><atom:link href="https://example.com/index.xml" rel="self" type="application/rss+xml"/><item><title>Francisco Céspedes</title><link>https://example.com/artistas/franciscocespedes/</link><pubDate>Tue, 14 Feb 2023 11:43:52 -0600</pubDate><guid>https://example.com/artistas/franciscocespedes/</guid><description/></item><item><title>deflect</title><link>https://example.com/portfolio/deflect/</link><pubDate>Thu, 26 Jan 2023 11:27:22 -0600</pubDate><guid>https://example.com/portfolio/deflect/</guid><description>2021
Relaciones públicas, coordinación de invitados y prensa de deflect.mx, nueva plataforma de entretenimiento</description></item><item><title>VIVAMX</title><link>https://example.com/portfolio/vivamx/</link><pubDate>Thu, 26 Jan 2023 11:34:42 -0600</pubDate><guid>https://example.com/portfolio/vivamx/</guid><description>2020
Lanzamiento de VIVAMX, túneles sanitizantes.</description></item><item><title>¿Que hacemos?</title><link>https://example.com/quehacemos/</link><pubDate>Thu, 26 Jan 2023 11:18:59 -0600</pubDate><guid>https://example.com/quehacemos/</guid><description> Estrategias y difusión de imagen Análisis de medios y nuevas tecnologías Conferencias de prensa Cronograma de entrevistas exclusivas (impresos, electrónicos y digitales) Mercadotecnia Lanzamientos de nuevos productos Streaming Asesoría On Demand Catálogo y venta de eventos musicales y teatrales Management Asesoría para nuevos proyectos artísticos o empresariales</description></item><item><title>¿Quienes somos?</title><link>https://example.com/quienessomos/</link><pubDate>Thu, 26 Jan 2023 11:11:53 -0600</pubDate><guid>https://example.com/quienessomos/</guid><description>Somos tu mejor opción en comunicación de México. Estamos conformados por un equipo de colaboradores con más de 15 años de experiencia en la administración de información y organización de eventos. Hemos trabajado en festivales musicales: Vive Latino, Corona Capital, Flow Fest e infinidad de conciertos masivos. Actualmente tenemos el RP de artistas como Francisco Céspedes, Sole Giménez, Rosalía León, Haydeé Milanés, Eugenia León y Rosy Arango, entre otros. También hemos participado en la promoción y las relaciones públicas de restaurantes (Forever Vegano).</description></item></channel></rss>