<?xml version="1.0" encoding="utf-8" standalone="yes"?><rss version="2.0" xmlns:atom="http://www.w3.org/2005/Atom"><channel><title>Portafolio on Nube de Ideas</title><link>https://nubedeideas.net/portafolio/</link><description>Recent content in Portafolio on Nube de Ideas</description><generator>Hugo -- gohugo.io</generator><language>es</language><lastBuildDate>Thu, 26 Jan 2023 11:34:42 -0600</lastBuildDate><atom:link href="https://nubedeideas.net/portafolio/index.xml" rel="self" type="application/rss+xml"/><item><title>deflect</title><link>https://nubedeideas.net/portafolio/deflect/</link><pubDate>Thu, 26 Jan 2023 11:27:22 -0600</pubDate><guid>https://nubedeideas.net/portafolio/deflect/</guid><description>2021
Relaciones públicas, coordinación de invitados y prensa de deflect.mx, nueva plataforma de entretenimiento</description></item><item><title>VIVAMX</title><link>https://nubedeideas.net/portafolio/vivamx/</link><pubDate>Thu, 26 Jan 2023 11:34:42 -0600</pubDate><guid>https://nubedeideas.net/portafolio/vivamx/</guid><description>2020
Lanzamiento de VIVAMX, túneles sanitizantes.</description></item></channel></rss>