<?xml version="1.0" encoding="utf-8" standalone="yes"?><rss version="2.0" xmlns:atom="http://www.w3.org/2005/Atom"><channel><title>index on Nube de Ideas</title><link>https://nubedeideas.net/tags/index/</link><description>Recent content in index on Nube de Ideas</description><generator>Hugo -- gohugo.io</generator><language>es</language><atom:link href="https://nubedeideas.net/tags/index/index.xml" rel="self" type="application/rss+xml"/><item><title>Prensa</title><link>https://nubedeideas.net/prensa/</link><pubDate>Tue, 11 Apr 2023 22:55:49 -0600</pubDate><guid>https://nubedeideas.net/prensa/</guid><description>Boletines, Fotos, Publicaciones</description></item></channel></rss>