<?xml version="1.0" encoding="utf-8" standalone="yes"?><rss version="2.0" xmlns:atom="http://www.w3.org/2005/Atom"><channel><title>index on Nube de Ideas</title><link>https://nubedeideas.net/tags/index/</link><description>Recent content in index on Nube de Ideas</description><generator>Hugo -- gohugo.io</generator><language>es</language><atom:link href="https://nubedeideas.net/tags/index/index.xml" rel="self" type="application/rss+xml"/><item><title>Blog</title><link>https://nubedeideas.net/blog/</link><pubDate>Mon, 01 Jan 0001 00:00:00 +0000</pubDate><guid>https://nubedeideas.net/blog/</guid><description>Blogposts de nosotros</description></item></channel></rss>