<?xml version="1.0" encoding="utf-8" standalone="yes"?><rss version="2.0" xmlns:atom="http://www.w3.org/2005/Atom"><channel><title>Tags on Nube de Ideas</title><link>https://nubedeideas.net/tags/</link><description>Recent content in Tags on Nube de Ideas</description><generator>Hugo -- gohugo.io</generator><language>es</language><atom:link href="https://nubedeideas.net/tags/index.xml" rel="self" type="application/rss+xml"/><item><title>index</title><link>https://nubedeideas.net/tags/index/</link><pubDate>Mon, 01 Jan 0001 00:00:00 +0000</pubDate><guid>https://nubedeideas.net/tags/index/</guid><description/></item></channel></rss>