<?xml version="1.0" encoding="utf-8" standalone="yes"?><rss version="2.0" xmlns:atom="http://www.w3.org/2005/Atom"><channel><title>Prensa on Nube de Ideas</title><link>https://nubedeideas.net/prensa/</link><description>Recent content in Prensa on Nube de Ideas</description><generator>Hugo -- gohugo.io</generator><language>es</language><lastBuildDate>Tue, 11 Apr 2023 22:55:49 -0600</lastBuildDate><atom:link href="https://nubedeideas.net/prensa/index.xml" rel="self" type="application/rss+xml"/><item><title>Aprender Y Olvidar</title><link>https://nubedeideas.net/prensa/20230411-aprender-y-olvidar/</link><pubDate>Tue, 11 Apr 2023 22:55:49 -0600</pubDate><guid>https://nubedeideas.net/prensa/20230411-aprender-y-olvidar/</guid><description>Aquí las fechas y funciones de la obra Aprender y Olvidar en la Titería La puesta en escena que tendrá como invitados especiales a los actores de número de la Compañía Nacional de Teatro: Ana Ofelia Murguía, Angelina Peláez, Gastón Melo, Julieta Egurrola, Luisa Huertas, MarthaVerduzco y Oscar Narváez inicia funciones el 8 de abril a las 13:00 horas; luego de posponer el inicio de esta temporada el pasado fin de semana.</description></item><item><title>Rosy Arango en la Feria Internacional del Caballo Texcoco</title><link>https://nubedeideas.net/prensa/20230411rosy-arango-en-feria-del-caballo/</link><pubDate>Tue, 11 Apr 2023 22:42:58 -0600</pubDate><guid>https://nubedeideas.net/prensa/20230411rosy-arango-en-feria-del-caballo/</guid><description>Rosy Arango se presentará por primera vez el 11 de abril en la Feria Internacional del Caballo Texcoco, 2023 Amante de las tradiciones mexicanas, Rosy Arango ofrecerá su espectáculo México Inmortal en el Palenque de la Feria Internacional del Caballo el próximo 11 de abril en Texcoco, Estado de México. La intérprete ofrecerá un magno espectáculo para agasajar a los amantes de los inmortales éxitos que la han convertido en una de las mejores exponentes de la música vernácula de los últimos años.</description></item><item><title>Rosy Arango rinde Homenaje a Antonio Aguilar</title><link>https://nubedeideas.net/prensa/20230410-rosy-arango-rinde-homenaje-a-antonio-aguilar/</link><pubDate>Mon, 10 Apr 2023 23:08:23 -0600</pubDate><guid>https://nubedeideas.net/prensa/20230410-rosy-arango-rinde-homenaje-a-antonio-aguilar/</guid><description>La embajadora de la música mexicana presentará por primera vez su espectáculo vernáculo en la Feria de Texcoco y lo asume como un reto que la motiva aún más
Ferviente impulsora de la canción mexicana, la intérprete Rosy Arango ofrecerá su espectáculo ‘México Inmortal’ en el Palenque de la Feria Internacional del Caballo este martes 11 de abril en Texcoco. Y como parte de ello, rendirá homenaje a Antonio Aguilar y Vicente Fernández.</description></item></channel></rss>